<!--
  ~ JBoss, Home of Professional Open Source.
  ~ Copyright 2011, Red Hat, Inc., and individual contributors
  ~ as indicated by the @author tags. See the copyright.txt file in the
  ~ distribution for a full listing of individual contributors.
  ~
  ~ This is free software; you can redistribute it and/or modify it
  ~ under the terms of the GNU Lesser General Public License as
  ~ published by the Free Software Foundation; either version 2.1 of
  ~ the License, or (at your option) any later version.
  ~
  ~ This software is distributed in the hope that it will be useful,
  ~ but WITHOUT ANY WARRANTY; without even the implied warranty of
  ~ MERCHANTABILITY or FITNESS FOR A PARTICULAR PURPOSE. See the GNU
  ~ Lesser General Public License for more details.
  ~
  ~ You should have received a copy of the GNU Lesser General Public
  ~ License along with this software; if not, write to the Free
  ~ Software Foundation, Inc., 51 Franklin St, Fifth Floor, Boston, MA
  ~ 02110-1301 USA, or see the FSF site: http://www.fsf.org.
  -->

<configuration
   xmlns:xsi="http://www.w3.org/2001/XMLSchema-instance"
   xsi:schemaLocation="http://www.exoplaform.org/xml/ns/kernel_1_2.xsd http://www.exoplaform.org/xml/ns/kernel_1_2.xsd"
   xmlns="http://www.exoplaform.org/xml/ns/kernel_1_2.xsd">

   <component>
      <key>org.gatein.management.api.ManagementService</key>
      <type>org.gatein.management.core.api.ManagementServiceImpl</type>
   </component>

   <component>
      <key>org.gatein.management.api.controller.ManagementController</key>
      <type>org.gatein.management.core.api.controller.SimpleManagementController</type>
   </component>

   <component>
      <type>org.gatein.management.rest.RestApplication</type>
   </component>

   <component>
      <type>org.gatein.management.runtime.RuntimeContextImpl</type>
   </component>
   
   <component>
      <type>org.gatein.management.runtime.ManagementBootstrap</type>
   </component>

</configuration>